{"precision@10": 0.2528723404255319, "recall@10": 0.16610214755376745, "ndcg@10": 0.30085248373262863}